[
  {"name":"Lafayette (LAFY)","code":"LF","address":"3601 Deer Hill Road, Lafayette CA 94549","entries":"3481","exits":"3616","lon":-122.123801,"lat":37.893394},
  {"name":"12th St. Oakland City Center (12TH)","code":"12","address":"1245 Broadway, Oakland CA 94612","entries":"13418","exits":"13547","lon":-122.271604,"lat":37.803664},
  {"name":"16th St. Mission (16TH)","code":"16","address":"2000 Mission Street, San Francisco CA 94110","entries":"12409","exits":"12351","lon":-122.419694,"lat":37.765062},
  {"name":"19th St. Oakland (19TH)","code":"19","address":"1900 Broadway, Oakland CA 94612","entries":"13108","exits":"13090","lon":-122.269029,"lat":37.80787},
  {"name":"24th St. Mission (24TH)","code":"24","address":"2800 Mission Street, San Francisco CA 94110","entries":"12817","exits":"12529","lon":-122.418466,"lat":37.752254},
  {"name":"Ashby (ASHB)","code":"AS","address":"3100 Adeline Street, Berkeley CA 94703","entries":"5452","exits":"5341","lon":-122.26978,"lat":37.853024},
  {"name":"Balboa Park (BALB)","code":"BP","address":"401 Geneva Avenue, San Francisco CA 94112","entries":"11170","exits":"9817","lon":-122.447414,"lat":37.721981},
  {"name":"Bay Fair (BAYF)","code":"BF","address":"15242 Hesperian Blvd., San Leandro CA 94578","entries":"5564","exits":"5516","lon":-122.126871,"lat":37.697185},
  {"name":"Castro Valley (CAST)","code":"CV","address":"3301 Norbridge Dr., Castro Valley CA 94546","entries":"2781","exits":"2735","lon":-122.075567,"lat":37.690754},
  {"name":"Civic Center/UN Plaza (CIVC)","code":"CC","address":"1150 Market Street, San Francisco CA 94102","entries":"24798","exits":"22626","lon":-122.413756,"lat":37.779528},
  {"name":"Colma (COLM)","code":"CM","address":"365 D Street, Colma CA 94014","entries":"4397","exits":"4214","lon":-122.466233,"lat":37.684638},
  {"name":"Coliseum/Oakland Airport (COLS)","code":"CL","address":"7200 San Leandro St., Oakland CA 94621","entries":"5837","exits":"5902","lon":-122.197273,"lat":37.754006},
  {"name":"Concord (CONC)","code":"CN","address":"1451 Oakland Avenue, Concord CA 94520","entries":"6035","exits":"6008","lon":-122.029095,"lat":37.973737},
  {"name":"Daly City (DALY)","code":"DC","address":"500 John Daly Blvd., Daly City CA 94014","entries":"8681","exits":"8502","lon":-122.469081,"lat":37.706121},
  {"name":"Downtown Berkeley (DBRK)","code":"BK","address":"2160 Shattuck Avenue, Berkeley CA 94704","entries":"11043","exits":"11762","lon":-122.268045,"lat":37.869867},
  {"name":"El Cerrito del Norte (DELN)","code":"EN","address":"6400 Cutting Blvd., El Cerrito CA 94530","entries":"8176","exits":"8668","lon":-122.317269,"lat":37.925655},
  {"name":"Dublin/Pleasanton (DUBL)","code":"ED","address":"5801 Owens Dr., Pleasanton CA 94588","entries":"7702","exits":"7554","lon":-121.900367,"lat":37.701695},
  {"name":"Embarcadero (EMBR)","code":"EM","address":"298 Market Street, San Francisco CA 94111","entries":"40376","exits":"46951","lon":-122.396742,"lat":37.792976},
  {"name":"Fremont (FRMT)","code":"FM","address":"2000 BART Way, Fremont CA 94536","entries":"8748","exits":"8673","lon":-121.9764,"lat":37.557355},
  {"name":"Fruitvale (FTVL)","code":"FV","address":"3401 East 12th Street, Oakland CA 94601","entries":"7701","exits":"8012","lon":-122.224274,"lat":37.774963},
  {"name":"Glen Park (GLEN)","code":"GP","address":"2901 Diamond Street, San Francisco CA 94131","entries":"7732","exits":"7072","lon":-122.434092,"lat":37.732921},
  {"name":"Hayward (HAYW)","code":"HY","address":"699 'B' Street, Hayward CA 94541","entries":"4958","exits":"5003","lon":-122.087967,"lat":37.670399},
  {"name":"Lake Merritt (LAKE)","code":"LM","address":"800 Madison Street, Oakland CA 94607","entries":"6539","exits":"6604","lon":-122.265609,"lat":37.797484},
  {"name":"MacArthur (MCAR)","code":"MA","address":"555 40th Street, Oakland CA 94609","entries":"9000","exits":"9228","lon":-122.267227,"lat":37.828415},
  {"name":"Millbrae (MLBR)","code":"MB","address":"200 North Rollins Road, Millbrae CA 94030","entries":"6570","exits":"6149","lon":-122.38666,"lat":37.599787},
  {"name":"Montgomery St. (MONT)","code":"MT","address":"598 Market Street, San Francisco CA 94104","entries":"43430","exits":"45128","lon":-122.401407,"lat":37.789256},
  {"name":"North Berkeley (NBRK)","code":"NB","address":"1750 Sacramento Street, Berkeley CA 94702","entries":"4363","exits":"4563","lon":-122.283451,"lat":37.87404},
  {"name":"North Concord/Martinez (NCON)","code":"NC","address":"3700 Port Chicago Highway, Concord CA 94520","entries":"2800","exits":"2652","lon":-122.024597,"lat":38.003275},
  {"name":"Orinda (ORIN)","code":"OR","address":"11 Camino Pablo, Orinda CA 94563","entries":"2896","exits":"2970","lon":-122.183791,"lat":37.878361},
  {"name":"Pleasant Hill/Contra Costa Centre (PHIL)","code":"PH","address":"1365 Treat Blvd., Walnut Creek CA 94597","entries":"7574","exits":"7442","lon":-122.056013,"lat":37.928403},
  {"name":"Pittsburg/Bay Point (PITT)","code":"WP","address":"1700 West Leland Road, Pittsburg CA 94565","entries":"6262","exits":"6343","lon":-121.945154,"lat":38.018914},
  {"name":"El Cerrito Plaza (PLZA)","code":"EP","address":"6699 Fairmount Avenue, El Cerrito CA 94530","entries":"4763","exits":"4952","lon":-122.299272,"lat":37.903059},
  {"name":"Powell St. (POWL)","code":"PL","address":"899 Market Street, San Francisco CA 94102","entries":"29460","exits":"25621","lon":-122.406857,"lat":37.784991},
  {"name":"Richmond (RICH)","code":"RM","address":"1700 Nevin Avenue, Richmond CA 94801","entries":"4184","exits":"4029","lon":-122.353165,"lat":37.936887},
  {"name":"Rockridge (ROCK)","code":"RR","address":"5660 College Avenue, Oakland CA 94618","entries":"5299","exits":"5775","lon":-122.251793,"lat":37.844601},
  {"name":"San Leandro (SANL)","code":"SL","address":"1401 San Leandro Blvd., San Leandro CA 94577","entries":"5836","exits":"5921","lon":-122.161311,"lat":37.722619},
  {"name":"San Bruno (SBRN)","code":"SB","address":"1151 Huntington Avenue, San Bruno CA 94066","entries":"3628","exits":"3634","lon":-122.416038,"lat":37.637753},
  {"name":"San Francisco Int'l Airport (SFIA)","code":"SO","address":"International Terminal, Level 3, San Francisco Int'l Airport CA 94128","entries":"5833","exits":"4904","lon":-122.392612,"lat":37.616035},
  {"name":"South Hayward (SHAY)","code":"SH","address":"28601 Dixon Street, Hayward CA 94544","entries":"3007","exits":"2829","lon":-122.057551,"lat":37.6348},
  {"name":"South San Francisco (SSAN)","code":"SS","address":"1333 Mission Road, South San Francisco CA 94080","entries":"3542","exits":"3441","lon":-122.444116,"lat":37.664174},
  {"name":"Union City (UCTY)","code":"UC","address":"10 Union Square, Union City CA 94587","entries":"4772","exits":"4770","lon":-122.017867,"lat":37.591208},
  {"name":"Walnut Creek (WCRK)","code":"WC","address":"200 Ygnacio Valley Road, Walnut Creek CA 94596","entries":"6719","exits":"6917","lon":-122.067423,"lat":37.905628},
  {"name":"West Dublin/Pleasanton (WDUB)","code":"WD","address":"6501 Golden Gate Drive, Dublin CA 94568","entries":"3303","exits":"3447","lon":-121.928099,"lat":37.699759},
  {"name":"West Oakland (WOAK)","code":"OW","address":"1451 7th Street, Oakland CA 94607","entries":"7312","exits":"6838","lon":-122.294582,"lat":37.804675}
]
